time,input,output
0.000,1,0.0000
0.025,1,0.0291
0.050,1,0.1077
0.075,1,0.2223
0.100,1,0.3599
0.125,1,0.5087
0.150,1,0.6582
0.175,1,0.7998
0.200,1,0.9271
0.225,1,1.0354
0.250,1,1.1221
0.275,1,1.1861
0.300,1,1.2281
0.325,1,1.2496
0.350,1,1.2532
0.375,1,1.2418
0.400,1,1.2189
0.425,1,1.1878
0.450,1,1.1517
0.475,1,1.1137
0.500,1,1.0761
0.525,1,1.0410
0.550,1,1.0100
0.575,1,0.9841
0.600,1,0.9637
0.625,1,0.9491
0.650,1,0.9400
0.675,1,0.9359
0.700,1,0.9362
0.725,1,0.9400
0.750,1,0.9465
0.775,1,0.9549
0.800,1,0.9643
0.825,1,0.9739
0.850,1,0.9833
0.875,1,0.9920
0.900,1,0.9995
0.925,1,1.0057
0.950,1,1.0104
0.975,1,1.0137
1.000,1,1.0156
